,CSCO,MRK,MSFT
CSCO,1.0,0.1650370995723174,-0.012393368439410123
MRK,0.1650370995723174,1.0,0.27582601075709545
MSFT,-0.012393368439410123,0.27582601075709545,1.0
