,MSFT,MRK,CSCO
x,0.30700797084413184,0.2318496914043736,0.3045584476996646
y,0.38065116293586065,0.07317461698735928,0.06287601928885445
